url,title,price,year,brand,frame_material,wheel_size,drivetrain_brand,fork_brand,fork_model,fork_travel,fork_damper,fork_offset,shock_brand,shock_model,shock_length,shock_stroke
https://mtbdatabase.com/bikes/2024/canyon/stoic/2024-canyon-stoic-2/,CANYON STOIC 2,"$1,095.78",2024,Canyon,aluminium,,,,,,,,,,,
https://mtbdatabase.com/bikes/2025-haro-double-peak-3/,HARO DOUBLE PEAK 3,$999.00,2025,,aluminium,,,,,,,,,,,
https://mtbdatabase.com/bikes/2024/bh/lynx/2024-bh-lynx-sls-8-0/,BH LYNX SLS 8.0,"$7,349.56",2024,Bh,aluminium,,,,,,,,,,,
https://mtbdatabase.com/bikes/2024-bixs-lane-x-silver-anthracite/,BIXS LANE X SILVER-ANTHRACITE,,2024,,carbon,,,,,,,,,,,
https://mtbdatabase.com/bikes/2025/r-raymon/trailray/2025-r-raymon-trailray-120-ultra/,R RAYMON TRAILRAY 120 ULTRA,"$5,483.28",2025,R-raymon,,,,,,,,,,,,
https://mtbdatabase.com/bikes/2025-tunturi-centum/,TUNTURI CENTUM,"$2,028.12",2025,,aluminium,,,,,,,,,,,
https://mtbdatabase.com/bikes/2024-conway-cairon-s-2-0-625-se-hardtail-diamond/,"CONWAY CAIRON S 2.0 625 SE HARDTAIL, DIAMOND",,2024,,aluminium,,,,,,,,,,,
https://mtbdatabase.com/bikes/2024/fairdale/hareraiser/2024-fairdale-hareraiser-26-dj-frame/,"FAIRDALE HARERAISER 26"""" DJ FRAME",$499.00,2024,Fairdale,,,,,,,,,,,,
https://mtbdatabase.com/bikes/2025-pegasus-obiro-evo-5f-belt-wave/,PEGASUS OBIRO EVO 5F BELT WAVE,"$4,276.72",2025,,aluminium,,,,,,,,,,,
https://mtbdatabase.com/bikes/2024-mongoose-status-26in/,MONGOOSE STATUS 26IN,$399.00,2024,,aluminium,,,,,,,,,,,
https://mtbdatabase.com/bikes/2024/haibike/alltrack/2024-haibike-alltrack-6-5/,HAIBIKE ALLTRACK 6.5,,2024,Haibike,aluminium,,,,,,,,,,,
https://mtbdatabase.com/bikes/2025-simplon-cure-eexpertxt/,"SIMPLON CURE :E,EXPERT,XT","$7,347.97",2025,,aluminium,,,,,,,,,,,
https://mtbdatabase.com/bikes/2024-sense-hardcore-comp-r/,SENSE HARDCORE COMP R,,2024,,aluminium,,,,,,,,,,,
https://mtbdatabase.com/bikes/2024-rossignol-mandate-jr-20-mountain-bike/,ROSSIGNOL MANDATE JR 20 MOUNTAIN BIKE,"$1,605.58",2024,,aluminium,,,,,,,,,,,
https://mtbdatabase.com/bikes/2024/radio/asura/2024-radio-asura/,RADIO ASURA,,2024,Radio,aluminium,,,,,,,,,,,
https://mtbdatabase.com/bikes/2024/forbidden/dreadnought/2024-forbidden-dreadnought-gx-rs-s-plus-29/,FORBIDDEN DREADNOUGHT GX RS S PLUS 29,"$7,299.00",2024,Forbidden,carbon,,,,,,,,,,,
https://mtbdatabase.com/bikes/2024/co-op/drt/2024-co-op-drt-1-1/,CO-OP DRT 1.1,$599.00,2024,Co-op,aluminium,,,,,,,,,,,
https://mtbdatabase.com/bikes/2024/canyon/striveon/2024-canyon-striveon-cfr/,CANYON STRIVE:ON CFR,"$7,677.03",2024,Canyon,carbon,,,,,,,,,,,
https://mtbdatabase.com/bikes/2025/cube/stereo/2025-cube-stereo-one44-c68x-slt-29/,CUBE STEREO ONE44 C:68X SLT 29,"$7,128.60",2025,Cube,aluminium,,,,,,,,,,,
https://mtbdatabase.com/bikes/2024-cannondale-trail-2/,CANNONDALE TRAIL 2,$750.00,2024,,aluminium,,,,,,,,,,,
https://mtbdatabase.com/bikes/2025/marin/rift-zone/2025-marin-rift-zone-jr-24/,"MARIN RIFT ZONE JR 24""""","$1,699.00",2025,Marin,aluminium,,,,,,,,,,,
https://mtbdatabase.com/bikes/2024/propain/tyee/2024-propain-tyee-6-cf-shred%C2%B2/,PROPAIN TYEE 6 CF SHRED²,"$5,466.83",2024,Propain,carbon,,,,,,,,,,,
https://mtbdatabase.com/bikes/2025-trek-rail-9-8-gx-axs-t-type-gen-5/,TREK RAIL+ 9.8 GX AXS T-TYPE GEN 5,"$9,322.35",2025,,carbon,,,,,,,,,,,
https://mtbdatabase.com/bikes/2024/canyon/spectral/2024-canyon-spectral-cf-8-cllctv/,CANYON SPECTRAL CF 8 CLLCTV,"$4,386.41",2024,Canyon,carbon,,,,,,,,,,,
https://mtbdatabase.com/bikes/2025/merida/one-sixty/2025-merida-one-sixty-500/,MERIDA ONE-SIXTY 500,"$2,297.24",2025,Merida,aluminium,,,,,,,,,,,
https://mtbdatabase.com/bikes/2024/gt/zaskar/2024-gt-zaskar-lt-elite/,GT ZASKAR LT ELITE,"$1,800.00",2024,Gt,aluminium,,,,,,,,,,,
https://mtbdatabase.com/bikes/2025-transition-smuggler-alloy-deore/,TRANSITION SMUGGLER ALLOY DEORE,"$3,299.00",2025,,aluminium,,,,,,,,,,,
https://mtbdatabase.com/bikes/2024-victoria-avyon-5-diamond/,VICTORIA AVYON 5 DIAMOND,"$5,373.60",2024,,aluminium,,,,,,,,,,,
https://mtbdatabase.com/bikes/2025/commencal/meta-power/2025-commencal-meta-power-sx-400-essential/,COMMENCAL META POWER SX 400 ESSENTIAL,"$5,700.00",2025,Commencal,aluminium,,,,,,,,,,,
https://mtbdatabase.com/bikes/2024/forbidden/dreadnought/2024-forbidden-dreadnought-gx-rs-s-mullet/,FORBIDDEN DREADNOUGHT GX RS S MULLET,"$6,499.00",2024,Forbidden,carbon,,,,,,,,,,,
https://mtbdatabase.com/bikes/2024/focus/jam/2024-focus-jam%C2%B2-7-9/,FOCUS JAM² 7.9,"$8,554.54",2024,Focus,aluminium,,,,,,,,,,,
https://mtbdatabase.com/bikes/2025/pivot/shuttle-lt/2025-pivot-shuttle-lt-team-xx-eagle-transmission-neo/,PIVOT SHUTTLE LT TEAM XX EAGLE TRANSMISSION NEO,$NAN,2025,Pivot,carbon,"29"" 27.5""",,,,,,,,,,
https://mtbdatabase.com/bikes/2024/orbea/alma/2024-orbea-alma-h30/,ORBEA ALMA H30,"$1,315.15",2024,Orbea,aluminium,,,,,,,,,,,
https://mtbdatabase.com/bikes/2025/r-raymon/trailray/2025-r-raymon-trailray-170/,R RAYMON TRAILRAY 170,"$5,263.91",2025,R-raymon,,,,,,,,,,,,
https://mtbdatabase.com/bikes/2024/canyon/stitched/2024-canyon-stitched-360-pro/,CANYON STITCHED 360 PRO,"$1,534.53",2024,Canyon,aluminium,,,,,,,,,,,
https://mtbdatabase.com/bikes/2025/specialized/stumpjumper/2025-specialized-s-works-stumpjumper-15/,SPECIALIZED S-WORKS STUMPJUMPER 15,"$12,000.00",2025,Specialized,carbon,,,,,,,,,,,
https://mtbdatabase.com/bikes/2024/haibike/alltrail/2024-haibike-alltrail-7/,HAIBIKE ALLTRAIL 7,"$5,483.28",2024,Haibike,aluminium,,,,,,,,,,,
https://mtbdatabase.com/bikes/2025-trek-ticket-dj-framset/,TREK TICKET DJ FRAMSET,"$1,150.62",2025,,aluminium,,,,,,,,,,,
https://mtbdatabase.com/bikes/2025-giant-fathom/,GIANT FATHOM,,2025,,aluminium,,,,,,,,,,,
https://mtbdatabase.com/bikes/2024-superior-xc-6-5/,SUPERIOR XC 6.5,,2024,,aluminium,,,,,,,,,,,
https://mtbdatabase.com/bikes/2024/fuji/nevada/2024-fuji-nevada-27-5-1-7-sram/,FUJI NEVADA 27.5 1.7 SRAM,$749.00,2024,Fuji,aluminium,,,,,,,,,,,
https://mtbdatabase.com/bikes/2025-ari-signal-peak-elite/,ARI SIGNAL PEAK ELITE,"$4,799.00",2025,,carbon,"29""",,,,,,,,,,
https://mtbdatabase.com/bikes/2025-kellys-theos-f60-sh-29-27-5-725wh/,"KELLYS THEOS F60 SH 29""""/27.5"" 725WH","$5,483.28",2025,,carbon,,,,,,,,,,,
https://mtbdatabase.com/bikes/2025-dartmoor-gamer-pump-24/,DARTMOOR GAMER PUMP 24,,2025,,aluminium,,,,,,,,,,,
https://mtbdatabase.com/bikes/2024/rocky-mountain/altitude/2024-rocky-mountain-altitude-carbon-99/,ROCKY MOUNTAIN ALTITUDE CARBON 99,"$10,999.00",2024,Rocky-mountain,carbon,,,,,,,,,,,
https://mtbdatabase.com/bikes/2024-canfield-lithium-shimano-deore-xt/,CANFIELD LITHIUM SHIMANO DEORE XT,"$6,299.00",2024,,aluminium,"29""",,,,,,,,,,
https://mtbdatabase.com/bikes/2025-kellys-thorx-30-moonstone-29/,"KELLYS THORX 30 MOONSTONE 29""""","$2,741.09",2025,,aluminium,,,,,,,,,,,
https://mtbdatabase.com/bikes/2025-oggi-agile-squadra-xx1-axs/,OGGI AGILE SQUADRA XX1 AXS,,2025,,carbon,,,,,,,,,,,
https://mtbdatabase.com/bikes/2024/knolly/chilcotin/2024-knolly-chilcotin-155-ngx/,KNOLLY CHILCOTIN 155 NGX,"$4,999.00",2024,Knolly,aluminium,,,,,,,,,,,
https://mtbdatabase.com/bikes/2025-bergstrom-axv-829-750wh/,BERGSTROM AXV 829 750WH,,2025,,,,,,,,,,,,,
https://mtbdatabase.com/bikes/2024/saracen/myst/2024-saracen-myst-team/,SARACEN MYST TEAM,"$7,091.64",2024,Saracen,aluminium,,,,,,,,,,,
https://mtbdatabase.com/bikes/2025/rocky-mountain/instinct/2025-rocky-mountain-instinct-powerplay-sl-alloy-70-bc-edition/,ROCKY MOUNTAIN INSTINCT POWERPLAY SL ALLOY 70 BC EDITION,"$7,999.00",2025,Rocky-mountain,aluminium,,,,,,,,,,,
https://mtbdatabase.com/bikes/2024-atherton-s-200-3/,ATHERTON S.200.3,"$6,446.83",2024,,aluminium,,,,,,,,,,,
https://mtbdatabase.com/bikes/2024/lapierre/zesty/2024-lapierre-zesty-cf-9-9/,LAPIERRE ZESTY CF 9.9,"$8,006.10",2024,Lapierre,carbon,,,,,,,,,,,
https://mtbdatabase.com/bikes/2025-trek-top-fuel-9-gen-4/,TREK TOP FUEL 9 GEN 4,"$4,799.00",2025,,aluminium,,,,,,,,,,,
https://mtbdatabase.com/bikes/2024-bird-aeris-9-sram-transmission/,BIRD AERIS 9 SRAM TRANSMISSION,"$4,395.00",2024,,,"29""",,,,,,,,,,
https://mtbdatabase.com/bikes/2024/pivot/firebird/2024-pivot-firebird-pro-xt-xtr-neo/,PIVOT FIREBIRD PRO XT/XTR NEO,$NAN,2024,Pivot,carbon,"29""",,,,,,,,,,
https://mtbdatabase.com/bikes/2025-tunturi-e-max-ebf600/,TUNTURI E-MAX EBF600,"$5,922.03",2025,,aluminium,,,,,,,,,,,
https://mtbdatabase.com/bikes/2024/schwinn/high-timber/2024-schwinn-high-timber-alx-29in/,SCHWINN HIGH TIMBER ALX 29IN,$539.00,2024,Schwinn,aluminium,,,,,,,,,,,
https://mtbdatabase.com/bikes/2025/polygon/trid/2025-polygon-trid/,POLYGON TRID,"$1,199.00",2025,Polygon,aluminium,,,,,,,,,,,
https://mtbdatabase.com/bikes/2024/silverback/se-series-fat/2024-silverback-se-series-fat-adventure/,SILVERBACK SE-SERIES FAT ADVENTURE,"$1,315.15",2024,Silverback,aluminium,,,,,,,,,,,
https://mtbdatabase.com/bikes/2024/saracen/amplitude/2024-saracen-amplitude-cr2-blue/,SARACEN AMPLITUDE CR2 - BLUE,$772.48,2024,Saracen,aluminium,,,,,,,,,,,
https://mtbdatabase.com/bikes/2024/bixs/stomp/2024-bixs-stomp-2/,BIXS STOMP 2,,2024,Bixs,aluminium,,,,,,,,,,,
https://mtbdatabase.com/bikes/2025-atherton-s-200-3/,ATHERTON S.200 .3,"$5,248.95",2025,,aluminium,"29"" 27.5""",,,,,,,,,,
https://mtbdatabase.com/bikes/2024/borealis/flume/2024-borealis-flume-ultimate/,BOREALIS FLUME ULTIMATE,"$2,619.00",2024,Borealis,aluminium,,,,,,,,,,,
https://mtbdatabase.com/bikes/2024/merida/eone-forty/2024-merida-eone-forty-8000/,MERIDA EONE-FORTY 8000,,2024,Merida,carbon,,,,,,,,,,,
https://mtbdatabase.com/bikes/2024/bergamont/e-revox/2024-bergamont-e-revox-sport-10/,BERGAMONT E-REVOX SPORT 10,"$5,286.17",2024,Bergamont,aluminium,,,,,,,,,,,
https://mtbdatabase.com/bikes/2024/tunturi/emax/2024-tunturi-emax-fullfat-ce/,TUNTURI EMAX FULLFAT CE,"$5,812.35",2024,Tunturi,aluminium,,,,,,,,,,,
https://mtbdatabase.com/bikes/2024/radio/ceptor/2024-radio-ceptor-26/,"RADIO CEPTOR 26""""",,2024,Radio,aluminium,,,,,,,,,,,
https://mtbdatabase.com/bikes/2024/rsd/wildcat/2024-rsd-wildcat-150-aluminum-29in-deore/,RSD WILDCAT 150 ALUMINUM 29IN DEORE,"$4,249.00",2024,Rsd,aluminium,,,,,,,,,,,
https://mtbdatabase.com/bikes/2024-avanti-hammer-1/,AVANTI HAMMER 1,,2024,,aluminium,,,,,,,,,,,
https://mtbdatabase.com/bikes/2025/devinci/django/2025-devinci-django-deore-12s/,DEVINCI DJANGO DEORE 12S,"$2,999.00",2025,Devinci,aluminium,,,,,,,,,,,
https://mtbdatabase.com/bikes/2025/trek/slash/2025-trek-slash-9-9-x0-axs-t-type-gen-6/,TREK SLASH 9.9 X0 AXS T-TYPE GEN 6,"$9,399.00",2025,Trek,carbon,,,,,,,,,,,
https://mtbdatabase.com/bikes/2024/fuji/nevada/2024-fuji-nevada-29-2-0-ltd/,FUJI NEVADA 29 2.0 LTD,$986.09,2024,Fuji,aluminium,,,,,,,,,,,
https://mtbdatabase.com/bikes/2024/cannondale/scalpel-ht/2024-cannondale-scalpel-ht-carbon-1/,CANNONDALE SCALPEL HT CARBON 1,"$6,470.47",2024,Cannondale,carbon,,,,,,,,,,,
https://mtbdatabase.com/bikes/2024/marin/rift-zone/2024-marin-rift-zone-jr-24/,"MARIN RIFT ZONE JR 24""""","$1,699.00",2024,Marin,aluminium,,,,,,,,,,,
https://mtbdatabase.com/bikes/2024/saracen/ariel/2024-saracen-ariel-60-pro-green/,SARACEN ARIEL 60 PRO - GREEN,"$4,512.39",2024,Saracen,aluminium,,,,,,,,,,,
https://mtbdatabase.com/bikes/2024/intense-951/951/2024-intense-951-951-series-trail-udh/,INTENSE 951 951 SERIES TRAIL (UDH),"$4,199.00",2024,Intense-951,carbon,,,,,,,,,,,
https://mtbdatabase.com/bikes/2024/radio/dice/2024-radio-dice-14/,"RADIO DICE 14""""",,2024,Radio,aluminium,,,,,,,,,,,
https://mtbdatabase.com/bikes/2024/mongoose/legion/2024-mongoose-legion-l80/,MONGOOSE LEGION L80,$499.00,2024,Mongoose,,,,,,,,,,,,
https://mtbdatabase.com/bikes/2024/pivot/mach-6/2024-pivot-mach-6-team-xx-eagle-transmission-w-carbon-wheels/,PIVOT MACH 6 TEAM XX EAGLE TRANSMISSION W/ CARBON WHEELS,"$11,799.00",2024,Pivot,,,,,,,,,,,,
https://mtbdatabase.com/bikes/2025/cube/reaction/2025-cube-reaction-hybrid-performance-625/,"CUBE REACTION HYBRID PERFORMANCE, 625","$2,850.78",2025,Cube,aluminium,,,,,,,,,,,
https://mtbdatabase.com/bikes/2025-storck-edrenalin-2-srs-sram-gx-eagle-1x12/,STORCK E:DRENALIN.2 SRS SRAM GX EAGLE 1X12,"$7,677.03",2025,,,,,,,,,,,,,
https://mtbdatabase.com/bikes/2024/superior/exf/2024-superior-exf-9039/,SUPERIOR EXF 9039,"$6,580.16",2024,Superior,aluminium,,,,,,,,,,,
https://mtbdatabase.com/bikes/2024/spot/mayhem/2024-spot-mayhem-150-limited-edition-4-star/,SPOT MAYHEM 150 LIMITED EDITION 4-STAR,"$5,899.00",2024,Spot,,,,,,,,,,,,
https://mtbdatabase.com/bikes/2024/mondraker/prime/2024-mondraker-prime-g4/,MONDRAKER PRIME G4,"$3,996.54",2024,Mondraker,aluminium,,,,,,,,,,,
https://mtbdatabase.com/bikes/2025-yt-jeffsy-core-3-al/,YT INDUSTRIES JEFFSY CORE 3 AL,"$4,499.00",2025,,aluminium,"29""",,,,,,,,,,
https://mtbdatabase.com/bikes/2025-chromag-signature-frame/,CHROMAG SIGNATURE FRAME,,2025,,,,,,,,,,,,,
https://mtbdatabase.com/bikes/2024/state-bicycle-co/free-easy/2024-state-bicycle-co-free-easy-og-klunker-bag-combo/,STATE BICYCLE CO. FREE & EASY OG KLUNKER + BAG COMBO,$499.00,2024,State-bicycle-co,aluminium,,,,,,,,,,,
https://mtbdatabase.com/bikes/2025-pegasus-obiro-evo-9-wave/,PEGASUS OBIRO EVO 9 WAVE,"$3,728.28",2025,,aluminium,,,,,,,,,,,
https://mtbdatabase.com/bikes/2024/haro/la-bastille/2024-haro-la-bastille-cassette/,HARO LA BASTILLE CASSETTE,$649.00,2024,Haro,aluminium,,,,,,,,,,,
https://mtbdatabase.com/bikes/2024-canfield-tilt-sram-x01/,CANFIELD TILT SRAM X01,"$6,499.00",2024,,aluminium,"29""",,,,,,,,,,
https://mtbdatabase.com/bikes/2024/pivot/trail/2024-pivot-trail-429-team-xtr-w-carbon-wheels/,PIVOT TRAIL 429 TEAM XTR W/ CARBON WHEELS,"$9,699.00",2024,Pivot,aluminium,,,,,,,,,,,
https://mtbdatabase.com/bikes/2024/pivot/trail-429/2024-pivot-trail-429-brunch-ride-enduro/,PIVOT TRAIL 429 BRUNCH RIDE ENDURO,"$5,199.00",2024,Pivot,carbon,"29""",,,,,,,,,,
https://mtbdatabase.com/bikes/2024/rocky-mountain/slayer/2024-rocky-mountain-slayer-alloy-30-park/,ROCKY MOUNTAIN SLAYER ALLOY 30 PARK,"$5,923.13",2024,Rocky-mountain,aluminium,,,,,,,,,,,
https://mtbdatabase.com/bikes/2025/merida/big-nine/2025-merida-big-nine-3000-2/,MERIDA BIG.NINE 3000,,2025,Merida,carbon,,,,,,,,,,,
https://mtbdatabase.com/bikes/2024-devinci-troy-aluminum-deore-12s/,DEVINCI TROY ALUMINUM DEORE 12S,"$3,399.00",2024,,aluminium,"29""",,,,,,,,,,
https://mtbdatabase.com/bikes/2025-mmr-akira-00/,MMR AKIRA 00,"$1,040.94",2025,,aluminium,,,,,,,,,,,
https://mtbdatabase.com/bikes/2024/mmr/kenta/2024-mmr-kenta-50/,MMR KENTA 50,"$3,837.97",2024,Mmr,carbon,,,,,,,,,,,
https://mtbdatabase.com/bikes/2025-bergstrom-atv-969-r-carbon/,BERGSTROM ATV 969 R CARBON,,2025,,,,,,,,,,,,,
https://mtbdatabase.com/bikes/2024-knolly-warden-ltd-gx-eagle-transmission/,KNOLLY WARDEN LTD GX EAGLE TRANSMISSION,"$6,599.00",2024,,aluminium,,,,,,,,,,,
https://mtbdatabase.com/bikes/2024-victoria-cysalo-7-diamond/,VICTORIA CYSALO 7 DIAMOND,"$2,850.78",2024,,,,,,,,,,,,,
https://mtbdatabase.com/bikes/2025-norco-rampage-youth-20/,NORCO RAMPAGE YOUTH 20,$749.00,2025,,,,,,,,,,,,,
https://mtbdatabase.com/bikes/2025-ktm-macina-scarp-sx-master/,KTM MACINA SCARP SX MASTER,"$6,909.22",2025,,,,,,,,,,,,,
https://mtbdatabase.com/bikes/2024/rossignol/enduro/2024-rossignol-enduro-heretic-slx/,ROSSIGNOL ENDURO HERETIC SLX,"$3,799.00",2024,Rossignol,,,,,,,,,,,,
https://mtbdatabase.com/bikes/2024/pivot/trail-429/2024-pivot-trail-429-pro-xt-xtr-neo/,PIVOT TRAIL 429 PRO XT/XTR NEO,$NAN,2024,Pivot,,,,,,,,,,,,
https://mtbdatabase.com/bikes/2025-scott-lumen-eride-905/,SCOTT LUMEN ERIDE 905,"$7,499.99",2025,,,,,,,,,,,,,
https://mtbdatabase.com/bikes/2024/btwin/20-inch/2024-btwin-kids-20-bmx-age-9-14-wipe-500/,"B’TWIN KIDS' 20"""" BMX AGE 9-14 WIPE 500",$321.12,2024,Btwin,,,,,,,,,,,,
https://mtbdatabase.com/bikes/2025-bulls-barbar/,BULLS BARBAR,$602.18,2025,,,,,,,,,,,,,
https://mtbdatabase.com/bikes/2025-trek-rail-8-gen-5/,TREK RAIL+ 8 GEN 5,"$7,128.60",2025,,,,,,,,,,,,,
https://mtbdatabase.com/bikes/2025/yt/capra/2025-yt-industries-capra-29-core-1-al/,YT INDUSTRIES CAPRA 29 CORE 1 AL,"$2,499.00",2025,Yt,,,,,,,,,,,,
https://mtbdatabase.com/bikes/2025-dartmoor-rocbird-junior-27-5-26/,DARTMOOR ROCBIRD JUNIOR 27.5/26,,2025,,,,,,,,,,,,,
https://mtbdatabase.com/bikes/2024/propain/rage/2024-propain-rage-3-r-cf-mix-factory/,PROPAIN RAGE 3 R CF MIX FACTORY,"$8,104.82",2024,Propain,carbon,,,,,,,,,,,
https://mtbdatabase.com/bikes/2025/ktm/ultra/2025-ktm-ultra-1964-comp-29/,KTM ULTRA 1964 COMP 29,"$1,753.90",2025,Ktm,aluminium,,,,,,,,,,,
https://mtbdatabase.com/bikes/2024/corratec/e-power/2024-corratec-e-power-rs-140-el-elite/,CORRATEC E-POWER RS 140 EL ELITE,,2024,Corratec,aluminium,,,,,,,,,,,
https://mtbdatabase.com/bikes/2024/radio/legion/2024-radio-legion-26/,RADIO LEGION 26,,2024,Radio,aluminium,,,,,,,,,,,
https://mtbdatabase.com/bikes/2025-kellys-tayen-r90-p-27-5-725wh/,"KELLYS TAYEN R90 P 27.5"""" 725WH","$4,057.34",2025,,aluminium,,,,,,,,,,,
https://mtbdatabase.com/bikes/2024/co-op/drt/2024-co-op-drt-3-1/,CO-OP DRT 3.1,"$2,599.00",2024,Co-op,aluminium,,,,,,,,,,,
https://mtbdatabase.com/bikes/2025/canyon/neuron/2025-canyon-neuron-cf-8/,CANYON NEURON CF 8,"$4,899.00",2025,Canyon,,,,,,,,,,,,
https://mtbdatabase.com/bikes/2025-bergstrom-roots-1/,BERGSTROM ROOTS 1,,2025,,,,,,,,,,,,,
https://mtbdatabase.com/bikes/2025/cube/stereo-hybrid/2025-cube-stereo-hybrid-one22-race-800-allroad/,"CUBE STEREO HYBRID ONE22, RACE 800 ALLROAD","$4,605.78",2025,Cube,aluminium,,,,,,,,,,,
https://mtbdatabase.com/bikes/2025-canyon-torque-6/,CANYON TORQUE 6,"$3,618.59",2025,,aluminium,,,,,,,,,,,
https://mtbdatabase.com/bikes/2025-bulls-copperhead-evo-29-diamond/,BULLS COPPERHEAD EVO 29 DIAMOND,"$4,496.09",2025,,aluminium,,,,,,,,,,,
https://mtbdatabase.com/bikes/2024/kona/hei-hei/2024-kona-hei-hei-cr/,KONA HEI HEI CR,"$3,699.00",2024,Kona,aluminium,,,,,,,,,,,
https://mtbdatabase.com/bikes/2024/r-raymon/fullray/2024-r-raymon-fullray-130e-5-0/,R RAYMON FULLRAY 130E 5.0,,2024,R-raymon,,,,,,,,,,,,
https://mtbdatabase.com/bikes/2025-tunturi-montana-27-5/,TUNTURI MONTANA 27.5″,$722.84,2025,,aluminium,,,,,,,,,,,
https://mtbdatabase.com/bikes/2024/canyon/spectralonfly/2024-canyon-spectralonfly-cf-8/,CANYON SPECTRAL:ONFLY CF 8,"$5,999.00",2024,Canyon,carbon,,,,,,,,,,,
https://mtbdatabase.com/bikes/2025/cube/stereo-hybrid/2025-cube-stereo-hybrid-one55-c68x-slt-750/,"CUBE STEREO HYBRID ONE55 C:68X, SLT 750","$10,967.66",2025,Cube,aluminium,,,,,,,,,,,
https://mtbdatabase.com/bikes/2025-bulls-lt-evo-cx/,BULLS LT EVO CX,"$3,618.59",2025,,aluminium,,,,,,,,,,,
https://mtbdatabase.com/bikes/2024/r-raymon/trailray/2024-r-raymon-trailray-160e-11-0-se/,R RAYMON TRAILRAY 160E 11.0 SE,"$6,580.16",2024,R-raymon,aluminium,,,,,,,,,,,
https://mtbdatabase.com/bikes/2024/haibike/alltrail/2024-haibike-alltrail-9/,HAIBIKE ALLTRAIL 9,"$5,702.66",2024,Haibike,aluminium,,,,,,,,,,,
https://mtbdatabase.com/bikes/2024/santa-cruz/nomad/2024-santa-cruz-nomad-carbon-cc-coil-xt-jenson-exclusive/,SANTA CRUZ NOMAD CARBON CC COIL XT JENSON EXCLUSIVE,$NAN,2024,Santa-cruz,carbon,"29"" 27.5""",,,,,,,,,,
https://mtbdatabase.com/bikes/2024/norco/sight/2024-norco-sight-a2-mx/,NORCO SIGHT A2 MX,"$3,999.00",2024,Norco,aluminium,,,,,,,,,,,
https://mtbdatabase.com/bikes/2024/silverback/splash/2024-silverback-splash-comp-gen-3/,SILVERBACK SPLASH COMP (GEN 3),$547.34,2024,Silverback,,,,,,,,,,,,
https://mtbdatabase.com/bikes/2024-zerode-katipo-trail-deluxe/,ZERODE KATIPO TRAIL DELUXE,,2024,,carbon,"29""",,,,,,,,,,
https://mtbdatabase.com/bikes/2025-pegasus-solero-e8-plus-wave/,PEGASUS SOLERO E8 PLUS WAVE,"$3,070.16",2025,,,,,,,,,,,,,
https://mtbdatabase.com/bikes/2025-nicolai-saturn-16-mgu/,NICOLAI SATURN 16 MGU,,2025,,aluminium,"29""",,,,,,,,,,
https://mtbdatabase.com/bikes/2024/rocky-mountain/instinct/2024-rocky-mountain-instinct-carbon-99/,ROCKY MOUNTAIN INSTINCT CARBON 99,"$10,499.00",2024,Rocky-mountain,carbon,,,,,,,,,,,
https://mtbdatabase.com/bikes/2024-bird-aether-9-sram/,BIRD AETHER 9 SRAM,"$3,040.00",2024,,aluminium,"29""",,,,,,,,,,
https://mtbdatabase.com/bikes/2024/corratec/e-power/2024-corratec-e-power-x-vert-elite-gent/,CORRATEC E-POWER X VERT ELITE GENT,,2024,Corratec,aluminium,,,,,,,,,,,
https://mtbdatabase.com/bikes/2024/yamaha/ydx-moro/2024-yamaha-ydx-moro-07/,YAMAHA YDX-MORO 07,"$6,399.00",2024,Yamaha,aluminium,,,,,,,,,,,
https://mtbdatabase.com/bikes/2024-chromag-monk/,CHROMAG MONK,,2024,,,,,,,,,,,,,
https://mtbdatabase.com/bikes/2024-cannondale-trail-1/,CANNONDALE TRAIL 1,$950.00,2024,,aluminium,,,,,,,,,,,
https://mtbdatabase.com/bikes/2024-bird-aether-7-sram/,BIRD AETHER 7 SRAM,"$3,065.00",2024,,aluminium,"27.5""",,,,,,,,,,
https://mtbdatabase.com/bikes/2024/yt/decoy/2024-yt-industries-decoy-core-5-cf-mx/,YT INDUSTRIES DECOY CORE 5 CF MX,"$8,499.00",2024,Yt,,,,,,,,,,,,
https://mtbdatabase.com/bikes/2025-chromag-signature/,CHROMAG SIGNATURE,,2025,,,,,,,,,,,,,
https://mtbdatabase.com/bikes/2025-sense-exalt-e-trail-al-race-forty-5/,SENSE EXALT E-TRAIL AL RACE FORTY-5,,2025,,aluminium,,,,,,,,,,,
https://mtbdatabase.com/bikes/2024/revel/big-iron/2024-revel-big-iron-sram-gx-eagle-4799/,"REVEL BIG IRON SRAM GX EAGLE, 4,799","$4,799.00",2024,Revel,aluminium,,,,,,,,,,,
https://mtbdatabase.com/bikes/2024/intense/dj/2024-intense-dj-anniversary-edition/,INTENSE DJ ANNIVERSARY EDITION,"$2,099.00",2024,Intense,aluminium,,,,,,,,,,,
https://mtbdatabase.com/bikes/2024/mmr/kenta/2024-mmr-kenta-sl-50/,MMR KENTA SL 50,"$6,031.72",2024,Mmr,carbon,,,,,,,,,,,
https://mtbdatabase.com/bikes/2024/silverback/se-series-fat/2024-silverback-se-series-fat-deluxe/,SILVERBACK SE-SERIES FAT DELUXE,"$1,095.78",2024,Silverback,aluminium,,,,,,,,,,,
https://mtbdatabase.com/bikes/2024/cannondale/scalpel/2024-cannondale-scalpel-carbon-se-ultimate/,CANNONDALE SCALPEL CARBON SE ULTIMATE,"$8,800.00",2024,Cannondale,carbon,,,,,,,,,,,
https://mtbdatabase.com/bikes/2024/scott/voltage/2024-scott-voltage-yz-0-1/,SCOTT VOLTAGE YZ 0.1,"$1,599.00",2024,Scott,aluminium,,,,,,,,,,,
https://mtbdatabase.com/bikes/2024/ghost/e-riot/2024-ghost-e-riot-cf-full-party/,GHOST E-RIOT CF FULL PARTY,"$9,871.88",2024,Ghost,carbon,,,,,,,,,,,
https://mtbdatabase.com/bikes/2024/rossignol/e-track-fat/2024-rossignol-e-track-fat/,ROSSIGNOL E-TRACK FAT,"$5,158.49",2024,Rossignol,aluminium,,,,,,,,,,,
https://mtbdatabase.com/bikes/2024/commencal/supreme/2024-commencal-supreme-dh-v5-ride-rockshox/,COMMENCAL SUPREME DH V5 RIDE ROCKSHOX,"$5,900.00",2024,Commencal,aluminium,,,,,,,,,,,
https://mtbdatabase.com/bikes/2024-propain-spindrift-al-swedish-gold/,PROPAIN SPINDRIFT AL SWEDISH GOLD,"$5,499.00",2024,,aluminium,"29"" 27.5""",,,,,,,,,,
https://mtbdatabase.com/bikes/2024/bearclaw/frank/2024-bearclaw-frank-frame/,BEARCLAW FRANK FRAME,"$2,390.00",2024,Bearclaw,,,,,,,,,,,,
https://mtbdatabase.com/bikes/2025-tunturi-emax-se/,TUNTURI EMAX SE,"$3,673.44",2025,,aluminium,,,,,,,,,,,
https://mtbdatabase.com/bikes/2025/liv/tempt/2025-liv-tempt-1/,LIV TEMPT 1,,2025,Liv,aluminium,,,,,,,,,,,
https://mtbdatabase.com/bikes/2024/merida/ebig/2024-merida-ebig-nine-400-ep6/,MERIDA EBIG NINE 400 (EP6),"$4,191.28",2024,Merida,aluminium,,,,,,,,,,,
https://mtbdatabase.com/bikes/2024/marin/team-marin/2024-marin-team-2/,MARIN TEAM 2,"$2,499.00",2024,Marin,aluminium,"29""",,,,,,,,,,
https://mtbdatabase.com/bikes/2024/haibike/allmtn/2024-haibike-allmtn-6/,HAIBIKE ALLMTN 6,,2024,Haibike,aluminium,,,,,,,,,,,
https://mtbdatabase.com/bikes/2025-helkama-xe12-11sp-29-ep6/,HELKAMA XE12 11SP 29” EP6,"$4,221.88",2025,,aluminium,,,,,,,,,,,
https://mtbdatabase.com/bikes/2025/merida/big-nine/2025-merida-big-nine-tr-5000-2/,MERIDA BIG.NINE TR 5000,"$2,115.84",2025,Merida,carbon,,,,,,,,,,,
https://mtbdatabase.com/bikes/2025/ibis/ripley/2025-ibis-ripley-slx/,IBIS RIPLEY SLX,"$5,599.00",2025,Ibis,carbon,"29""",,,,,,,,,,
https://mtbdatabase.com/bikes/2024-zerode-katipo-enduro-deluxe/,ZERODE KATIPO ENDURO DELUXE,,2024,,carbon,"29""",,,,,,,,,,
https://mtbdatabase.com/bikes/2024/superior/xp/2024-superior-xp-929/,SUPERIOR XP 929,,2024,Superior,carbon,,,,,,,,,,,
https://mtbdatabase.com/bikes/2024/haibike/nduro/2024-haibike-nduro-8-freeride/,HAIBIKE NDURO 8 FREERIDE,"$8,773.91",2024,Haibike,aluminium,,,,,,,,,,,
https://mtbdatabase.com/bikes/2024-bixs-lane-260-sand-metallic-anthracite/,BIXS LANE 260 SAND METALLIC - ANTHRACITE,,2024,,carbon,,,,,,,,,,,
https://mtbdatabase.com/bikes/2024/silverback/al/2024-silverback-al-elite/,SILVERBACK AL ELITE,"$2,412.03",2024,Silverback,aluminium,,,,,,,,,,,
https://mtbdatabase.com/bikes/2024/norco/bigfoot/2024-norco-bigfoot-3-hydro/,NORCO BIGFOOT 3 HYDRO,,2024,Norco,aluminium,,,,,,,,,,,
https://mtbdatabase.com/bikes/2024-moots-womble-frame/,MOOTS WOMBLE FRAME,"$5,399.00",2024,,,,,,,,,,,,,
https://mtbdatabase.com/bikes/2024/berria/mako/2024-berria-mako-elite-xt/,BERRIA MAKO ELITE XT,"$4,057.34",2024,Berria,carbon,,,,,,,,,,,
https://mtbdatabase.com/bikes/2025-yt-industries-dirtlove-core-1-al/,YT INDUSTRIES DIRTLOVE CORE 1 AL,$999.00,2025,,,,,,,,,,,,,
https://mtbdatabase.com/bikes/2025/rocky-mountain/instinct/2025-rocky-mountain-instinct-powerplay-sl-carbon-70/,ROCKY MOUNTAIN INSTINCT POWERPLAY SL CARBON 70,"$9,699.00",2025,Rocky-mountain,carbon,,,,,,,,,,,
https://mtbdatabase.com/bikes/2025-dartmoor-primal-intro-27-5/,DARTMOOR PRIMAL INTRO 27.5,,2025,,aluminium,"27.5""",,,,,,,,,,
https://mtbdatabase.com/bikes/2024/otso/arctodus/2024-otso-arctodus-ti-1x12-shimano-slx-m7100/,OTSO ARCTODUS TI 1X12 SHIMANO SLX M7100,"$4,695.00",2024,Otso,aluminium,,,,,,,,,,,
https://mtbdatabase.com/bikes/2025/giant/talon/2025-giant-talon-2/,GIANT TALON 2,,2025,Giant,aluminium,,,,,,,,,,,
https://mtbdatabase.com/bikes/2024/saracen/ariel/2024-saracen-ariel-60-pro-black/,SARACEN ARIEL 60 PRO - BLACK,"$4,512.39",2024,Saracen,aluminium,,,,,,,,,,,
https://mtbdatabase.com/bikes/2025/santa-cruz/highball/2025-santa-cruz-highball-gx-axs-carbon-c/,SANTA CRUZ HIGHBALL GX AXS / CARBON C,"$4,899.00",2025,Santa-cruz,carbon,,,,,,,,,,,
https://mtbdatabase.com/bikes/2024/cannondale/scalpel/2024-cannondale-scalpel-carbon-3/,CANNONDALE SCALPEL CARBON 3,"$4,715.47",2024,Cannondale,carbon,,,,,,,,,,,
https://mtbdatabase.com/bikes/2025-yeti-sb120-lr-t3-x0-axs-transmission/,YETI SB120 LR T3 X0 AXS TRANSMISSION,"$8,600.00",2025,,carbon,,,,,,,,,,,
https://mtbdatabase.com/bikes/2025/kona/remote/2025-kona-remote-160-dl/,KONA REMOTE 160 DL,"$4,999.00",2025,Kona,aluminium,"29""",,,,,,,,,,
https://mtbdatabase.com/bikes/2024/yt/decoy-sn/2024-yt-industries-decoy-sn-core-3-mx/,YT INDUSTRIES DECOY SN CORE 3 MX,"$7,499.00",2024,Yt,,,,,,,,,,,,
https://mtbdatabase.com/bikes/2025-helkama-fe584-12v-27-5/,HELKAMA FE584 12V 27.5″,"$4,386.41",2025,,aluminium,,,,,,,,,,,
https://mtbdatabase.com/bikes/2024-prime-thunderflash-gx-axs/,PRIME THUNDERFLASH GX AXS,,2024,,carbon,,,,,,,,,,,
https://mtbdatabase.com/bikes/2024/caloi/easy-rider/2024-caloi-easy-rider/,CALOI EASY RIDER,,2024,Caloi,aluminium,,,,,,,,,,,
https://mtbdatabase.com/bikes/2024/ctm/dirtking/2024-ctm-dirtking-pro/,CTM DIRTKING PRO,"$1,534.53",2024,Ctm,aluminium,,,,,,,,,,,
https://mtbdatabase.com/bikes/2024/corratec/e-power/2024-corratec-e-power-x-vert-elite-sport/,CORRATEC E-POWER X VERT ELITE SPORT,,2024,Corratec,aluminium,,,,,,,,,,,
https://mtbdatabase.com/bikes/2024/mongoose/fs-1/2024-mongoose-fs-1/,MONGOOSE FS-1,$549.00,2024,Mongoose,aluminium,,,,,,,,,,,
https://mtbdatabase.com/bikes/2024/superior/xf/2024-superior-xf-979-tr/,SUPERIOR XF 979 TR,"$5,044.53",2024,Superior,carbon,,,,,,,,,,,
https://mtbdatabase.com/bikes/2024/saracen/amplitude/2024-saracen-amplitude-al-x-frameset/,SARACEN AMPLITUDE AL X FRAMESET,$321.12,2024,Saracen,aluminium,,,,,,,,,,,
https://mtbdatabase.com/bikes/2024-chromag-juice-24/,"CHROMAG JUICE 24""""","$1,210.00",2024,,aluminium,,,,,,,,,,,
https://mtbdatabase.com/bikes/2024/borealis/crestone/2024-borealis-crestone-elite-carbon-bike/,BOREALIS CRESTONE ELITE CARBON BIKE,"$3,499.00",2024,Borealis,carbon,,,,,,,,,,,
https://mtbdatabase.com/bikes/2025/scott/axis/2025-scott-axis-20/,SCOTT AXIS 20,"$5,028.24",2025,Scott,aluminium,,,,,,,,,,,
https://mtbdatabase.com/bikes/2025-superior-exc-7039-b/,SUPERIOR EXC 7039 B,,2025,,aluminium,,,,,,,,,,,
https://mtbdatabase.com/bikes/2024-tunturi-bomber-b26/,TUNTURI BOMBER B26,$843.50,2024,,aluminium,,,,,,,,,,,
https://mtbdatabase.com/bikes/2024/knolly/tyaughton/2024-knolly-tyaughton-titanium-xt/,KNOLLY TYAUGHTON TITANIUM XT,"$6,299.00",2024,Knolly,,,,,,,,,,,,
https://mtbdatabase.com/bikes/2024/yt/izzo/2024-yt-industries-izzo-core-2-29/,YT INDUSTRIES IZZO CORE 2 29,"$3,299.00",2024,Yt,,,,,,,,,,,,
https://mtbdatabase.com/bikes/2025/marin/rift-zone/2025-marin-rift-zone-xr/,MARIN RIFT ZONE XR,"$3,999.00",2025,Marin,aluminium,,,,,,,,,,,
https://mtbdatabase.com/bikes/2025-pivot-trailcat-sl-pro-x0-eagle-transmission-neo/,PIVOT TRAILCAT SL PRO X0 EAGLE TRANSMISSION NEO,$NAN,2025,,carbon,"29""",,,,,,,,,,
https://mtbdatabase.com/bikes/2025/merida/big-nine/2025-merida-big-nine-20/,MERIDA BIG NINE 20,$902.74,2025,Merida,aluminium,,,,,,,,,,,
https://mtbdatabase.com/bikes/2024-mongoose-impasse-27-5in/,MONGOOSE IMPASSE 27.5IN,$619.00,2024,,aluminium,,,,,,,,,,,
https://mtbdatabase.com/bikes/2024/kellys/whip/2024-kellys-whip-10/,KELLYS WHIP 10,$821.56,2024,Kellys,aluminium,,,,,,,,,,,
https://mtbdatabase.com/bikes/2024/mondraker/chrono/2024-mondraker-chrono-carbon-dc-rr/,MONDRAKER CHRONO CARBON DC RR,"$4,641.35",2024,Mondraker,carbon,,,,,,,,,,,
https://mtbdatabase.com/bikes/2024/cannondale/habit/2024-cannondale-habit-ltd/,CANNONDALE HABIT LTD,"$10,000.00",2024,Cannondale,carbon,,,,,,,,,,,
https://mtbdatabase.com/bikes/2025/orbea/occam/2025-orbea-occam-sl-m-ltd/,ORBEA OCCAM SL M-LTD,"$10,599.00",2025,Orbea,aluminium,,,,,,,,,,,
https://mtbdatabase.com/bikes/2024/conway/xyron/2024-conway-xyron-s-5-9-full-suspension/,CONWAY XYRON S 5.9 FULL SUSPENSION,"$6,580.16",2024,Conway,aluminium,,,,,,,,,,,
https://mtbdatabase.com/bikes/2024/bh/lynx/2024-bh-lynx-race-lt-7-5/,BH LYNX RACE LT 7.5,"$6,188.90",2024,Bh,carbon,,,,,,,,,,,
https://mtbdatabase.com/bikes/2025/mondraker/f-podium/2025-mondraker-f-podium-rr-sl/,MONDRAKER F-PODIUM RR SL,"$11,999.00",2025,Mondraker,carbon,"29""",,,,,,,,,,
https://mtbdatabase.com/bikes/2025-liv-faith-24/,LIV FAITH 24,"$2,500.00",2025,,aluminium,,,,,,,,,,,
https://mtbdatabase.com/bikes/2024/mongoose/legion/2024-mongoose-legion-l40/,MONGOOSE LEGION L40,$419.00,2024,Mongoose,,,,,,,,,,,,
https://mtbdatabase.com/bikes/2024/ghost/kato/2024-ghost-kato-fs/,GHOST KATO FS,"$1,644.22",2024,Ghost,aluminium,,,,,,,,,,,
https://mtbdatabase.com/bikes/2025/yeti/sb120/2025-yeti-sb120-c2/,YETI SB120 C2,"$5,800.00",2025,Yeti,carbon,,,,,,,,,,,
https://mtbdatabase.com/bikes/2025/norco/charger/2025-norco-charger-youth-24/,NORCO CHARGER YOUTH 24,$699.00,2025,Norco,,,,,,,,,,,,
https://mtbdatabase.com/bikes/2025-superior-xc-889-w/,SUPERIOR XC 889 W,"$1,095.78",2025,,aluminium,,,,,,,,,,,
https://mtbdatabase.com/bikes/2024/saracen/amplitude/2024-saracen-amplitude-cr2/,SARACEN AMPLITUDE CR2,$901.45,2024,Saracen,aluminium,,,,,,,,,,,
https://mtbdatabase.com/bikes/2024/commencal/absolut/2024-commencal-absolut-pike/,COMMENCAL ABSOLUT PIKE,"$2,300.00",2024,Commencal,aluminium,,,,,,,,,,,
https://mtbdatabase.com/bikes/2024/ari/kings-peak/2024-ari-kings-peak-elite/,ARI KINGS PEAK ELITE,"$2,999.00",2024,Ari,carbon,,,,,,,,,,,
https://mtbdatabase.com/bikes/2025/rocky-mountain/fusion/2025-rocky-mountain-fusion-30/,ROCKY MOUNTAIN FUSION 30,"$1,069.00",2025,Rocky-mountain,aluminium,,,,,,,,,,,
https://mtbdatabase.com/bikes/2024-whyte-e-180-works/,WHYTE E-180 WORKS,,2024,,aluminium,"29"" 27.5""",,,,,,,,,,
https://mtbdatabase.com/bikes/2025/scott/sub/2025-scott-sub-40-belt-wave/,SCOTT SUB 40 BELT WAVE,"$4,254.47",2025,Scott,aluminium,,,,,,,,,,,
https://mtbdatabase.com/bikes/2024/santa-cruz/chameleon/2024-santa-cruz-chameleon-d-mx-aluminum/,SANTA CRUZ CHAMELEON D MX / ALUMINUM,"$3,351.73",2024,Santa-cruz,aluminium,,,,,,,,,,,
https://mtbdatabase.com/bikes/2024/rossignol/enduro/2024-rossignol-enduro-heretic-xt/,ROSSIGNOL ENDURO HERETIC XT,"$4,999.00",2024,Rossignol,aluminium,,,,,,,,,,,
https://mtbdatabase.com/bikes/2025/norco/sight/2025-norco-sight-c2-150-mx/,NORCO SIGHT C2 150 MX,"$6,149.00",2025,Norco,carbon,,,,,,,,,,,
https://mtbdatabase.com/bikes/2024/trek/powerfly/2024-trek-powerfly-sport-5-equipped-gen-4/,TREK POWERFLY SPORT 5 EQUIPPED GEN 4,"$5,483.28",2024,Trek,aluminium,,,,,,,,,,,
https://mtbdatabase.com/bikes/2024/canyon/spectral/2024-canyon-spectral-6/,CANYON SPECTRAL 6,"$2,999.00",2024,Canyon,aluminium,,,,,,,,,,,
https://mtbdatabase.com/bikes/2025/specialized/chisel/2025-specialized-chisel-hardtail/,SPECIALIZED CHISEL HARDTAIL,"$1,800.00",2025,Specialized,aluminium,,,,,,,,,,,
https://mtbdatabase.com/bikes/2024/mongoose/title/2024-mongoose-title-tot/,MONGOOSE TITLE TOT,$99.00,2024,Mongoose,aluminium,,,,,,,,,,,
https://mtbdatabase.com/bikes/2025/santa-cruz/highball/2025-santa-cruz-highball-s-carbon-c/,SANTA CRUZ HIGHBALL S / CARBON C,"$3,999.00",2025,Santa-cruz,carbon,,,,,,,,,,,
https://mtbdatabase.com/bikes/2025/orbea/rise/2025-orbea-rise-lt-m10/,ORBEA RISE LT M10,"$9,799.85",2025,Orbea,aluminium,,,,,,,,,,,
https://mtbdatabase.com/bikes/2025-lynskey-olympus-sram-gx-eagle-transmission/,"LYNSKEY OLYMPUS, SRAM GX EAGLE TRANSMISSION","$5,900.00",2025,,,,,,,,,,,,,
https://mtbdatabase.com/bikes/2024/ns/movement/2024-ns-movement-3/,NS MOVEMENT 3,,2024,Ns,aluminium,,,,,,,,,,,
https://mtbdatabase.com/bikes/2025/cube/phenix/2025-cube-phenix-c62-slx-rookie/,CUBE PHENIX C:62 SLX ROOKIE,,2025,Cube,carbon,"29"" 27.5""",,,,,,,,,,
https://mtbdatabase.com/bikes/2024/ari/kings-peak/2024-ari-kings-peak-comp/,ARI KINGS PEAK COMP,"$2,499.00",2024,Ari,carbon,,,,,,,,,,,
https://mtbdatabase.com/bikes/2025-merida-eone-sixty-675/,MERIDA EONE-SIXTY 675,"$7,092.93",2025,,aluminium,,,,,,,,,,,
https://mtbdatabase.com/bikes/2025-bergstrom-shimano-cues-10-gang/,BERGSTROM SHIMANO CUES 10 GANG,,2025,,,,,,,,,,,,,
https://mtbdatabase.com/bikes/2025-ktm-mac-aera-fs-prime-lfc/,KTM MAC AERA FS PRIME LFC,"$7,677.03",2025,,carbon,,,,,,,,,,,
https://mtbdatabase.com/bikes/2025/orbea/urrun/2025-orbea-urrun-20/,ORBEA URRUN 20,"$4,770.32",2025,Orbea,,,,,,,,,,,,
https://mtbdatabase.com/bikes/2024/orbea/onna/2024-orbea-onna-20/,ORBEA ONNA 20,"$1,133.58",2024,Orbea,aluminium,,,,,,,,,,,
https://mtbdatabase.com/bikes/2024/cannondale/scalpel-ht/2024-cannondale-scalpel-ht-lab71/,CANNONDALE SCALPEL HT LAB71,"$11,606.61",2024,Cannondale,carbon,,,,,,,,,,,
https://mtbdatabase.com/bikes/2024/gt/street-performer/2024-gt-street-performer/,GT STREET PERFORMER,$975.00,2024,Gt,aluminium,,,,,,,,,,,
https://mtbdatabase.com/bikes/2025-specialized-turbo-levo-3-comp-alloy/,SPECIALIZED TURBO LEVO 3 COMP ALLOY,"$6,999.00",2025,,aluminium,,,,,,,,,,,
https://mtbdatabase.com/bikes/2024/kona/fire/2024-kona-fire-mountain/,KONA FIRE MOUNTAIN,$699.00,2024,Kona,aluminium,,,,,,,,,,,
https://mtbdatabase.com/bikes/2025/specialized/epic-evo/2025-specialized-epic-evo-8-comp/,SPECIALIZED EPIC EVO 8 COMP,"$5,000.00",2025,Specialized,,,,,,,,,,,,
https://mtbdatabase.com/bikes/2024/canyon/grand-canyonon/2024-canyon-grand-canyonon-7/,CANYON GRAND CANYON:ON 7,"$3,999.00",2024,Canyon,aluminium,,,,,,,,,,,
https://mtbdatabase.com/bikes/2025/orbea/urrun/2025-orbea-urrun-20-20mph/,ORBEA URRUN 20 20MPH,"$4,299.00",2025,Orbea,,,,,,,,,,,,
https://mtbdatabase.com/bikes/2025/megamo/flame/2025-megamo-flame-al-03/,MEGAMO FLAME AL 03,,2025,Megamo,aluminium,,,,,,,,,,,
https://mtbdatabase.com/bikes/2025/cube/stereo/2025-cube-stereo-one77-c68x-tm-29/,CUBE STEREO ONE77 C:68X TM 29,"$5,483.28",2025,Cube,aluminium,,,,,,,,,,,
https://mtbdatabase.com/bikes/2025/specialized/chisel/2025-specialized-chisel-shimano-deore/,SPECIALIZED CHISEL – SHIMANO DEORE,"$2,851.88",2025,Specialized,aluminium,,,,,,,,,,,
https://mtbdatabase.com/bikes/2025/rocky-mountain/instinct/2025-rocky-mountain-instinct-powerplay-sl-alloy-30/,ROCKY MOUNTAIN INSTINCT POWERPLAY SL ALLOY 30,"$5,499.00",2025,Rocky-mountain,aluminium,,,,,,,,,,,
https://mtbdatabase.com/bikes/2024-chromag-darco-ti-xo-transmission/,CHROMAG DARCO TI XO TRANSMISSION,,2024,,,,,,,,,,,,,
https://mtbdatabase.com/bikes/2025-simplon-grid-ultimate-axsrival-gx-transmission/,"SIMPLON GRID ,ULTIMATE AXS,RIVAL/GX TRANSMISSION","$5,154.22",2025,,aluminium,,,,,,,,,,,
https://mtbdatabase.com/bikes/2025-ktm-macina-gran-610/,KTM MACINA GRAN 610,"$4,276.72",2025,,aluminium,,,,,,,,,,,
https://mtbdatabase.com/bikes/2024/bergamont/revox/2024-bergamont-revox-8/,BERGAMONT REVOX 8,"$1,159.37",2024,Bergamont,aluminium,,,,,,,,,,,
https://mtbdatabase.com/bikes/2024/mondraker/prime/2024-mondraker-prime-r/,MONDRAKER PRIME R,"$5,286.17",2024,Mondraker,aluminium,,,,,,,,,,,
https://mtbdatabase.com/bikes/2024/canfield/one-2/2024-canfield-one-2-dh-pro/,CANFIELD ONE.2 DH PRO,"$7,999.00",2024,Canfield,,,,,,,,,,,,
https://mtbdatabase.com/bikes/2025-simplon-razorbladeultimate-axsx0-transmission/,"SIMPLON RAZORBLADE,ULTIMATE AXS,X0 TRANSMISSION","$6,580.16",2025,,aluminium,,,,,,,,,,,
https://mtbdatabase.com/bikes/2026-rocky-mountain-soul-10/,ROCKY MOUNTAIN SOUL 10,$909.00,2026,,aluminium,,,,,,,,,,,
https://mtbdatabase.com/bikes/2025-dartmoor-blackbird-intro-27-5/,DARTMOOR BLACKBIRD INTRO 27.5,,2025,,aluminium,"27.5""",,,,,,,,,,
https://mtbdatabase.com/bikes/2024-nicolai-gt1-eboxx-fdt/,NICOLAI GT1 EBOXX FDT,,2024,,aluminium,"29"" 27.5""",,,,,,,,,,
https://mtbdatabase.com/bikes/2025-factor-lando-ht-frameset-premium/,FACTOR LANDO HT FRAMESET PREMIUM,"$3,299.00",2025,,,,,,,,,,,,,
https://mtbdatabase.com/bikes/2024/haibike/alltrack/2024-haibike-alltrack-10/,HAIBIKE ALLTRACK 10,,2024,Haibike,,,,,,,,,,,,
https://mtbdatabase.com/bikes/2024/canyon/torqueon/2024-canyon-torqueon-cf-9/,CANYON TORQUE:ON CF 9,"$8,225.47",2024,Canyon,carbon,,,,,,,,,,,
https://mtbdatabase.com/bikes/2025-kellys-theos-r30-p-29-27-5-820-wh/,"KELLYS THEOS R30 P 29/27.5"""" 820 WH","$4,934.84",2025,,aluminium,,,,,,,,,,,
https://mtbdatabase.com/bikes/2024/mondraker/foxy/2024-mondraker-foxy-carbon-r/,MONDRAKER FOXY CARBON R,"$7,736.45",2024,Mondraker,carbon,,,,,,,,,,,
https://mtbdatabase.com/bikes/2025-pivot-trailcat-lt-ride-slx-xt/,PIVOT TRAILCAT LT RIDE SLX/XT,"$6,199.00",2025,,,,,,,,,,,,,
https://mtbdatabase.com/bikes/2025/santa-cruz/heckler-sl/2025-santa-cruz-heckler-sl-x0-axs-rsv-carbon-cc/,SANTA CRUZ HECKLER SL X0 AXS RSV / CARBON CC,"$11,699.00",2025,Santa-cruz,,,,,,,,,,,,
https://mtbdatabase.com/bikes/2025-ktm-macina-ride-571-street/,KTM MACINA RIDE 571 STREET,"$2,741.09",2025,,aluminium,,,,,,,,,,,
https://mtbdatabase.com/bikes/2025/orbea/rise/2025-orbea-rise-sl-m10-20mph/,ORBEA RISE SL M10 20MPH,"$8,699.00",2025,Orbea,aluminium,,,,,,,,,,,
https://mtbdatabase.com/bikes/2024/moustache/trail/2024-moustache-trail-150-4/,MOUSTACHE TRAIL 150.4,"$5,263.91",2024,Moustache,aluminium,,,,,,,,,,,
https://mtbdatabase.com/bikes/2024-lynskey-live-wire-sram-gx-eage-mechanical/,"LYNSKEY LIVE WIRE, SRAM GX EAGE MECHANICAL","$5,150.00",2024,,,,,,,,,,,,,
https://mtbdatabase.com/bikes/2024/radon/jealous/2024-radon-jealous-8-0/,RADON JEALOUS 8.0,"$3,289.53",2024,Radon,,,,,,,,,,,,
https://mtbdatabase.com/bikes/2024/otso/voytek/2024-otso-voytek-frankset/,OTSO VOYTEK FRANKSET,"$1,871.00",2024,Otso,,,,,,,,,,,,
https://mtbdatabase.com/bikes/2024/ns/zircus/2024-ns-zircus-black/,NS ZIRCUS BLACK,,2024,Ns,aluminium,,,,,,,,,,,
https://mtbdatabase.com/bikes/2024/radon/render/2024-radon-render-8-0-625/,RADON RENDER 8.0 625,"$5,483.28",2024,Radon,carbon,,,,,,,,,,,
https://mtbdatabase.com/bikes/2024/bmc/twostroke/2024-bmc-twostroke-01-one/,BMC TWOSTROKE 01 ONE,"$4,999.00",2024,Bmc,carbon,,,,,,,,,,,
https://mtbdatabase.com/bikes/2024/saracen/amplitude/2024-saracen-amplitude-cr2-grey-putty/,SARACEN AMPLITUDE CR2 - GREY PUTTY,$901.45,2024,Saracen,aluminium,,,,,,,,,,,
https://mtbdatabase.com/bikes/2025-revel-rascal-summit/,REVEL RASCAL SUMMIT,"$8,599.00",2025,,aluminium,,,,,,,,,,,
https://mtbdatabase.com/bikes/2025/santa-cruz/heckler-sl/2025-santa-cruz-heckler-sl-gx-axs-carbon-c/,SANTA CRUZ HECKLER SL GX AXS / CARBON C,"$9,699.00",2025,Santa-cruz,carbon,,,,,,,,,,,
https://mtbdatabase.com/bikes/2024/vitus/dominer/2024-vitus-dominer-297/,VITUS DOMINER 297,"$4,512.39",2024,Vitus,aluminium,,,,,,,,,,,
https://mtbdatabase.com/bikes/2025-himiway-d7/,HIMIWAY D7,"$2,999.00",2025,,,,,,,,,,,,,
https://mtbdatabase.com/bikes/2024/pinarello/dogma/2024-pinarello-dogma-xc-hardtail/,PINARELLO DOGMA XC HARDTAIL,,2024,Pinarello,aluminium,,,,,,,,,,,
https://mtbdatabase.com/bikes/2024/propain/tyee/2024-propain-tyee-6-cf-27-5-gold-rush/,PROPAIN TYEE 6 CF 27.5 GOLD RUSH,"$9,042.65",2024,Propain,carbon,,,,,,,,,,,
https://mtbdatabase.com/bikes/2024/cannondale/habit-ht/2024-cannondale-habit-ht-1/,CANNONDALE HABIT HT 1,"$1,550.00",2024,Cannondale,aluminium,,,,,,,,,,,
